Local;SousFamille;Code-equipement;Code-fils;PDR;designation;caractéristiques;Fournisseur;Fabriquant;Installateur;Marque;plans associés;Manuel;fiche maintenance;chargement
U001;2EPL02;2EPL02-01;;;Cellule arrivee secours par disjoncteur;630A surisole a 24 KV type DC/DM1;;;;;;;;1
U001;2EPL02;2EPL02-02;;;Cellule arrivee secours par disjoncteur;630A surisole a 24 KV type DC/DM1;;;;;;;;1
U001;2EPL02;2EPL02-03;;;Cellule arrivee secours par disjoncteur;630A surisole a 24 KV type DC/DM1;;;;;;;;1
U001;2EPL02;2EPL02-04;;;Cellule depart secours 1;630A surisole a 24 KV type IM/IS;;;;;;;;1
U001;2EPL02;2EPL02-05;;;Cellule depart secours 1;630A surisole a 24 KV type IM/IS;;;;;;;;1
;;;;;;;;;;;;;;
;;;;;;;;;;;;;;
;;;;;;;;;;;;;;
;;;;;;;;;;;;;;
;;;;;;;;;;;;;;
;;;;;;;;;;;;;;
;;;;;;;;;;;;;;
;;;;;;;;;;;;;;
;;;;;;;;;;;;;;
;;;;;;;;;;;;;;
;;;;;;;;;;;;;;
;;;;;;;;;;;;;;
;;;;;;;;;;;;;;
;;;;;;;;;;;;;;
;;;;;;;;;;;;;;
;;;;;;;;;;;;;;
;;;;;;;;;;;;;;
;;;;;;;;;;;;;;
;;;;;;;;;;;;;;
;;;;;;;;;;;;;;
;;;;;;;;;;;;;;
;;;;;;;;;;;;;;
;;;;;;;;;;;;;;
;;;;;;;;;;;;;;
;;;;;;;;;;;;;;
;;;;;;;;;;;;;;
;;;;;;;;;;;;;;
